<?xml version="1.0" encoding="UTF-8"?>
<!DOCTYPE suite SYSTEM "https://testng.org/testng-1.0.dtd">
<suite name="Suite">
	
	
	
	
	
  <test thread-count="5" name="Test">
	  
	  <groups>
    <run>
      <include name="sanity"/>
    </run>
  </groups>
	 
	  
	 
	  
	  
    <classes>
      <class name="testClasses.LoginTest"/>
      <class name="testClasses.RegisterPatientTest"/> 
       <class name="testClasses.AddPatVitalsTest"/> 
      <class name="testClasses.Extent_Report"/>
    </classes>
  </test> <!-- Test -->
</suite> <!-- Suite -->
